id;districtId;hardlineId;name;x;y;z;rot;factionTag
2;1;49;MaraNorthWest;7737.37;95;13801.5;1.5708;0
3;1;152;MaraCentral;17043.1;495;2398.8;-3.14159;0
6;1;72;Tagged By Tastee Wheat;39216.4;95;-21475.1;2.03713;0
7;1;125;Tagged By Tastee Wheat;25640;-515;-35813;0.294524;0
8;2;73;Tagged By Tastee Wheat;13211.7;95;-37821.4;-2.72435;0
9;2;98;Tagged By Tastee Wheat;9844.79;1295;1314.42;-2.42983;0
10;1;48;Tagged By chefmaster;-6415;95;-7121.87;1.93895;0
11;1;146;Tagged By Tastee Wheat;52941.3;495;41981.6;-1.52171;0
12;2;113;Tagged By TheThirdMan;-133308;1295;-35477;1.44808;0
13;1;129;Tagged By TheThirdMan;-2683.96;-705;31556.3;2.82252;0
14;1;120;Tagged By IntegratedOne;70083.9;95;44597.9;-0.269981;0
15;1;116;Tagged By chefmaster;-492.907;95;-31590.9;0.343612;0
16;1;128;Tagged By Midnight;54965.4;95;15087.4;-0.0736311;0
17;1;78;Tagged By CloudWolf;-49790.2;95;-159434;-1.22718;0
18;1;147;Tagged By SanMarco;111007;-505;-59842.7;1.25173;0
19;1;136;Tagged By SanMarco;111180;95;-40913.8;1.7426;0
20;1;114;Tagged By SanMarco;77349.4;694.999;-43966.8;0.368155;0
21;1;55;Tagged By SanMarco;82745.4;694.999;-66760.6;-1.64443;0
22;1;130;Tagged By Agent;51820.8;95;-42922;-1.00629;0
23;1;138;Tagged By Superman111994;-30111;95;-48204.8;0;0
24;1;124;Tagged By SanMarco;39584.6;95;-80338.7;2.57709;0
25;1;107;Tagged By SanMarco;63391.2;95;-91925.9;0.220893;0
26;1;151;Tagged By Agent;67566.8;-105;-10164.6;-2.30711;0
27;1;132;Tagged By SanMarco;96190.5;95;-85320.7;3.01887;0
28;1;115;Tagged By SanMarco;15657.9;495;-70054.5;1.93895;0
29;1;112;Tagged By SanMarco;40267.9;95;-116994;-0.859029;0
30;1;104;Tagged By IntegratedOne;-17757.8;95;-141682;0.981748;0
31;1;122;Tagged By SanMarco;10377;95;-110304;2.67526;0
32;1;145;Tagged By SanMarco;55512.5;85;-166913;-1.20264;0
33;1;149;Tagged By SanMarco;14659.5;95;-143258;2.35619;0
34;1;113;Tagged By SanMarco;107619;-505;-149092;-0.0490874;0
35;1;148;Tagged By SanMarco;79289.9;-505;-148965;1.79169;0
36;1;111;Tagged By SanMarco;87635.3;85;-117864;1.42353;0
37;1;119;Tagged By Cookie;-36326;95;-23953.1;1.86532;0
38;1;109;Tagged By SanMarco;135175;95;-103708;-0.93266;0
39;1;76;Tagged By Cookie;-67862.5;95;16314.2;0.269981;0
40;1;150;Tagged By SanMarco;111671;-505;-99321.3;1.44808;0
41;1;153;Tagged By SanMarco;12184.8;-705;59766;-1.61988;0
42;1;131;Tagged By SanMarco;100459;95;11859;1.49717;0
43;1;142;Tagged By SanMarco;94166.5;95;26721.2;-2.40528;0
44;1;121;Tagged By SanMarco;83610.7;95;57664.3;2.99433;0
45;1;99;Tagged By Cookie;-30434;-705;20325.5;-0.981748;0
46;1;75;Tagged By Agent;-64467.5;-1105;-57980.9;3.01887;0
47;1;105;Tagged By Cookie;-92910.8;-705;40713.9;1.76715;0
48;1;101;Tagged By Superman111994;-70778.6;95;-140154;3.09251;0
49;1;106;Tagged By Agent;-18499.8;95;-89853.4;-0.490874;0
50;1;133;Tagged By Forez;85775;694.999;-14502.5;-1.81623;0
51;1;144;Tagged By Forez;115650;694.999;4825;-2.82252;0
52;3;12;Tagged By Othinn;11039.9;95;35967.4;0.0490874;0
53;3;10;Tagged By Othinn;18310;-505;15226.4;0.809942;0
54;1;102;Tagged By jayce77;-86023.7;95;-77894.1;1.81623;0
55;2;82;Tagged By Cyberkat;14806.5;1895;72657.9;1.52171;0
56;2;109;Tagged By Cyberkat;3936.42;1295;96578.1;1.5708;0
57;2;31;Tagged By Cyberkat;-10586.3;1895;58667;0.760854;0
58;2;105;Tagged By Cyberkat;-19612.5;694.999;74764.7;-1.81623;0
59;2;94;Tagged By Cyberkat;-15563.7;694.999;95005.9;2.9207;0
60;2;75;Tagged By Cyberkat;-7704.53;1895;84346.2;-0.981748;0
61;2;38;Tagged By Cyberkat;-7466.52;1895;17801.8;-0.0981748;0
62;2;56;Tagged By Cyberkat;12047.9;694.999;17764.6;-2.87161;0
63;2;92;Tagged By Cyberkat;-23801.4;1895;12300.4;1.76715;0
64;2;37;Tagged By Cyberkat;-20669.7;1895;-19128;-0.245437;0
65;3;19;Tagged By Agent;-14261.6;95;9710.15;-1.64443;0
66;3;14;Tagged By Agent;-31420.5;95;8083.13;-0.147262;0
67;3;15;Tagged By Agent;-42980.2;95;9352.13;1.84078;0
68;3;23;Tagged By Agent;-65336.5;95;32209.4;0.490874;0
69;3;17;Tagged By Agent;36481.5;-1105;-30745;-1.91441;0
70;3;7;Tagged By Agent;42779.3;-1105;-5699.44;-3.11705;0
71;3;20;Tagged By Agent;79634.9;-1115;2825.15;-2.79798;0
72;3;24;Tagged By Agent;19783.5;-505;-11294.7;-3.11705;0
73;3;6;Tagged By Agent;15340.4;95;-32048.6;-1.1781;0
74;3;16;Tagged By Agent;-1445.26;95;-41080.3;1.12901;0
75;3;5;Tagged By Agent;-16244.9;95;-19746.3;1.79169;0
76;3;11;Tagged By Agent;-9540.12;95;-8841.22;1.59534;0
77;3;13;Tagged By Agent;-40011.6;95;-19769.5;-2.84707;0
78;3;9;Tagged By Agent;-48538.8;95;-31991.9;0.0245437;0
79;3;21;Tagged By Agent;-33794.6;95;-71125;-0.368155;0
80;3;22;Tagged By Agent;47043.9;-1105;-53683.6;1.20264;0
81;3;18;Tagged By Agent;24972;-505;33362.3;-2.62618;0
82;3;3;Tagged By Agent;42116.9;-105;57953;2.94524;0
83;3;4;Tagged By Agent;31450.7;-505;15775;0.0736311;0
84;3;2;Tagged By Agent;-37444.4;95;23659.1;2.23348;0
85;3;8;Tagged By Agent;-22193.8;95;32347.7;3.04342;0
86;2;74;Tagged By Flerba;42659.2;95;-2943.5;0.908117;0
87;2;97;Tagged By SanMarco;-148758;694.999;-49511.3;-0.785398;0
88;2;78;Tagged By SanMarco;-127692;95;-77862.7;0.319068;0
89;2;101;Tagged By SanMarco;-118336;895;-57827;-1.42353;0
90;2;84;Tagged By SanMarco;-161106;95;-78546.1;0.539961;0
91;2;102;Tagged By SanMarco;-151386;-705;-105035;3.04342;0
92;2;89;Tagged By SanMarco;-102034;-705;-104025;-2.30711;0
93;2;79;Tagged By SanMarco;-197691;-705;-106110;2.23348;0
94;2;95;Tagged By SanMarco;-213404;95;-83702.2;2.45437;0
95;2;77;Tagged By SanMarco;-101645;1295;-37998.6;-3.06796;0
96;2;87;Tagged By SanMarco;-92388.8;295;-52656.1;-1.9635;0
97;2;108;Tagged By SanMarco;-84171.4;95;-69825;-0.834486;0
98;2;91;Tagged By SanMarco;-51335.2;95;-26132.8;-0.711767;0
99;2;96;Tagged By SanMarco;-33636.6;1895;-45757.7;0.294524;0
100;2;81;Tagged By SanMarco;-2610.38;1295;-32441.3;-1.27627;0
101;2;99;Tagged By SanMarco;-38914.8;95;-58865.1;0.46633;0
102;2;49;Tagged By SanMarco;2945.95;95;-87486.3;-1.93895;0
103;2;110;Tagged By SanMarco;13888.2;95;-87848.4;-1.88986;0
104;2;90;Tagged By SanMarco;42918.6;95;-82035.5;-0.687223;0
105;2;93;Tagged By SanMarco;13797.4;95;-62540.9;-0.589049;0
106;2;39;Tagged By SanMarco;30494.8;95;-50434.3;-2.01258;0
107;2;100;Tagged By SanMarco;28299.5;694.999;-23233.1;-2.06167;0
108;2;111;Tagged By SanMarco;26340.3;694.999;-9418.3;-2.9207;0
109;2;35;Tagged By SanMarco;34943.9;95;9724.07;0.908117;0
110;2;36;Tagged By SanMarco;24184.7;694.999;3438.79;-0.809942;0
111;2;48;Tagged By SanMarco;-43576.8;1295;-236.303;2.38074;0
112;2;63;Tagged By SanMarco;-67676.3;694.999;-13554.3;3.06796;0
113;2;59;Tagged By SanMarco;-91392.6;1295;-13747.1;0.785398;0
114;2;88;Tagged By SanMarco;-77737.1;1295;-3403.01;-1.44808;0
115;2;52;Tagged By SanMarco;-62448;1295;15867.9;2.20893;0
116;2;107;Tagged By SanMarco;-57354.7;1295;33825;-2.69981;0
117;2;50;Tagged By SanMarco;-71709.4;1295;33189;-0.613592;0
118;2;64;Tagged By SanMarco;-70694;1295;40108;-1.47262;0
119;2;85;Tagged By SanMarco;-89310.2;1295;29097.4;1.59534;0
120;2;80;Tagged By SanMarco;-115777;1295;12425;2.99433;0
121;2;112;Tagged By SanMarco;-132482;1295;15399.5;-3.06796;0
122;2;69;Tagged By SanMarco;-145953;694.999;27883.6;-3.09251;0
123;2;55;Tagged By SanMarco;-142873;694.999;42221.6;-1.42353;0
124;2;54;Tagged By SanMarco;-127479;694.999;42677;-1.98804;0
125;2;67;Tagged By SanMarco;-140880;694.999;69638.8;1.27627;0
126;2;47;Tagged By SanMarco;-84175.4;1295;78182.1;-2.72435;0
127;2;53;Tagged By SanMarco;-44698.3;694.999;96080.3;2.84707;0
128;2;86;Tagged By SanMarco;-46627.5;1895;69787.3;-1.54625;0
129;2;41;Tagged By SanMarco;22764.8;694.999;42678.9;-0.589049;0
130;2;106;Tagged By SanMarco;22895.7;694.999;27604.9;-1.20264;0
131;1;81;Tagged By AtraBile;-38843.9;95;-1082.27;1.15355;0
132;1;82;Tagged By Cookie;-55135.7;95;-110187;0.93266;0
133;1;100;Tagged By Maverick;-75253.7;95;-7823.79;-1.66897;0
134;1;103;Tagged By Tyndall;-73303.1;2;-30083.3;2.38074;0
135;1;80;Tagged By Tyndall;-84633;95;8015.88;-0.0245437;0
136;1;79;Tagged By Tyndall;-94295.7;-505;-33925;2.82252;0
137;2;43;Tagged By Tyndall;-19925;1895;34694.1;-1.88986;0
138;2;103;Tagged By megabeans;-33575;1895;41507.1;-1.64443;0
