70548,Bot_9000002 entered interlock with Bot_9000001
74551,Bot_9000002 hit Bot_9000001 with hyperstrike for 103
82557,Bot_9000002 hit Bot_9000001 with hyperstrike for 161
86561,Bot_9000002 hit Bot_9000001 with hyperstrike for 78
102566,Bot_9000002 hit Bot_9000001 with hyperstrike for 136
110570,Bot_9000002 hit Bot_9000001 with hyperstrike for 106
118574,Bot_9000002 hit Bot_9000001 with hyperstrike for 135
126579,Bot_9000002 hit Bot_9000001 with hyperstrike for 53
134581,Bot_9000001 hit Bot_9000002 with hyperstrike for 138
146581,Bot_9000002 hit Bot_9000001 with hyperstrike for 39
146840,Bot_9000002 entered interlock with Bot_9000001
147093,Bot_9000003 entered interlock with Bot_9000001
148857,Bot_9000002 entered interlock with Bot_9000001
149107,Bot_9000003 entered interlock with Bot_9000001
150864,Bot_9000002 entered interlock with Bot_9000001
151116,Bot_9000003 entered interlock with Bot_9000001
152885,Bot_9000002 entered interlock with Bot_9000001
153137,Bot_9000003 entered interlock with Bot_9000001
154900,Bot_9000002 entered interlock with Bot_9000001
155150,Bot_9000003 entered interlock with Bot_9000001
156911,Bot_9000002 entered interlock with Bot_9000001
157161,Bot_9000003 entered interlock with Bot_9000001
158924,Bot_9000002 entered interlock with Bot_9000001
159176,Bot_9000003 entered interlock with Bot_9000001
160939,Bot_9000002 entered interlock with Bot_9000001
161191,Bot_9000003 entered interlock with Bot_9000001
162957,Bot_9000002 entered interlock with Bot_9000001
163208,Bot_9000003 entered interlock with Bot_9000001
63392,Bot_9000002 entered interlock with Bot_9000001
67392,Bot_9000002 hit Bot_9000001 with kick for 71
71396,Bot_9000002 hit Bot_9000001 with hyperstrike for 185
83401,Bot_9000002 hit Bot_9000001 with hyperstrike for 82
91403,Bot_9000002 hit Bot_9000001 with kick for 55
95404,Bot_9000002 hit Bot_9000001 with hyperstrike for 136
107406,Bot_9000002 hit Bot_9000001 with hyperstrike for 77
111408,Bot_9000002 hit Bot_9000001 with hyperkick for 169
147414,Bot_9000002 hit Bot_9000001 with hyperstrike for 50
148052,Bot_9000002 entered interlock with Bot_9000001
150075,Bot_9000002 entered interlock with Bot_9000001
152088,Bot_9000002 entered interlock with Bot_9000001
154090,Bot_9000002 entered interlock with Bot_9000001
156103,Bot_9000002 entered interlock with Bot_9000001
158109,Bot_9000002 entered interlock with Bot_9000001
160127,Bot_9000002 entered interlock with Bot_9000001
162140,Bot_9000002 entered interlock with Bot_9000001
164154,Bot_9000002 entered interlock with Bot_9000001
166172,Bot_9000002 entered interlock with Bot_9000001
168184,Bot_9000002 entered interlock with Bot_9000001
170195,Bot_9000002 entered interlock with Bot_9000001
172214,Bot_9000002 entered interlock with Bot_9000001
174234,Bot_9000002 entered interlock with Bot_9000001
176246,Bot_9000002 entered interlock with Bot_9000001
178262,Bot_9000002 entered interlock with Bot_9000001
180275,Bot_9000002 entered interlock with Bot_9000001
182290,Bot_9000002 entered interlock with Bot_9000001
184301,Bot_9000002 entered interlock with Bot_9000001
186315,Bot_9000002 entered interlock with Bot_9000001
188323,Bot_9000002 entered interlock with Bot_9000001
190345,Bot_9000002 entered interlock with Bot_9000001
192362,Bot_9000002 entered interlock with Bot_9000001
194377,Bot_9000002 entered interlock with Bot_9000001
196395,Bot_9000002 entered interlock with Bot_9000001
198411,Bot_9000002 entered interlock with Bot_9000001
200427,Bot_9000002 entered interlock with Bot_9000001
202440,Bot_9000002 entered interlock with Bot_9000001
204456,Bot_9000002 entered interlock with Bot_9000001
206472,Bot_9000002 entered interlock with Bot_9000001
208487,Bot_9000002 entered interlock with Bot_9000001
210503,Bot_9000002 entered interlock with Bot_9000001
212515,Bot_9000002 entered interlock with Bot_9000001
214530,Bot_9000002 entered interlock with Bot_9000001
216541,Bot_9000002 entered interlock with Bot_9000001
218552,Bot_9000002 entered interlock with Bot_9000001
220565,Bot_9000002 entered interlock with Bot_9000001
222578,Bot_9000002 entered interlock with Bot_9000001
224593,Bot_9000002 entered interlock with Bot_9000001
226603,Bot_9000002 entered interlock with Bot_9000001
228623,Bot_9000002 entered interlock with Bot_9000001
230629,Bot_9000002 entered interlock with Bot_9000001
232640,Bot_9000002 entered interlock with Bot_9000001
234652,Bot_9000002 entered interlock with Bot_9000001
236664,Bot_9000002 entered interlock with Bot_9000001
238675,Bot_9000002 entered interlock with Bot_9000001
240691,Bot_9000002 entered interlock with Bot_9000001
242700,Bot_9000002 entered interlock with Bot_9000001
244713,Bot_9000002 entered interlock with Bot_9000001
246728,Bot_9000002 entered interlock with Bot_9000001
248744,Bot_9000002 entered interlock with Bot_9000001
250758,Bot_9000002 entered interlock with Bot_9000001
252763,Bot_9000002 entered interlock with Bot_9000001
254777,Bot_9000002 entered interlock with Bot_9000001
256788,Bot_9000002 entered interlock with Bot_9000001
258800,Bot_9000002 entered interlock with Bot_9000001
260814,Bot_9000002 entered interlock with Bot_9000001
262827,Bot_9000002 entered interlock with Bot_9000001
264836,Bot_9000002 entered interlock with Bot_9000001
266856,Bot_9000002 entered interlock with Bot_9000001
268870,Bot_9000002 entered interlock with Bot_9000001
270888,Bot_9000002 entered interlock with Bot_9000001
272899,Bot_9000002 entered interlock with Bot_9000001
274908,Bot_9000002 entered interlock with Bot_9000001
276919,Bot_9000002 entered interlock with Bot_9000001
278931,Bot_9000002 entered interlock with Bot_9000001
280946,Bot_9000002 entered interlock with Bot_9000001
282961,Bot_9000002 entered interlock with Bot_9000001
284977,Bot_9000002 entered interlock with Bot_9000001
286994,Bot_9000002 entered interlock with Bot_9000001
289004,Bot_9000002 entered interlock with Bot_9000001
291016,Bot_9000002 entered interlock with Bot_9000001
293029,Bot_9000002 entered interlock with Bot_9000001
295042,Bot_9000002 entered interlock with Bot_9000001
297061,Bot_9000002 entered interlock with Bot_9000001
299074,Bot_9000002 entered interlock with Bot_9000001
301092,Bot_9000002 entered interlock with Bot_9000001
303108,Bot_9000002 entered interlock with Bot_9000001
305120,Bot_9000002 entered interlock with Bot_9000001
307132,Bot_9000002 entered interlock with Bot_9000001
309150,Bot_9000002 entered interlock with Bot_9000001
311171,Bot_9000002 entered interlock with Bot_9000001
313176,Bot_9000002 entered interlock with Bot_9000001
315193,Bot_9000002 entered interlock with Bot_9000001
317206,Bot_9000002 entered interlock with Bot_9000001
319228,Bot_9000002 entered interlock with Bot_9000001
321239,Bot_9000002 entered interlock with Bot_9000001
323248,Bot_9000002 entered interlock with Bot_9000001
325255,Bot_9000002 entered interlock with Bot_9000001
327266,Bot_9000002 entered interlock with Bot_9000001
329279,Bot_9000002 entered interlock with Bot_9000001
331286,Bot_9000002 entered interlock with Bot_9000001
333307,Bot_9000002 entered interlock with Bot_9000001
335317,Bot_9000002 entered interlock with Bot_9000001
337337,Bot_9000002 entered interlock with Bot_9000001
339348,Bot_9000002 entered interlock with Bot_9000001
341365,Bot_9000002 entered interlock with Bot_9000001
343381,Bot_9000002 entered interlock with Bot_9000001
345386,Bot_9000002 entered interlock with Bot_9000001
347392,Bot_9000002 entered interlock with Bot_9000001
349401,Bot_9000002 entered interlock with Bot_9000001
351417,Bot_9000002 entered interlock with Bot_9000001
353425,Bot_9000002 entered interlock with Bot_9000001
355439,Bot_9000002 entered interlock with Bot_9000001
357457,Bot_9000002 entered interlock with Bot_9000001
359466,Bot_9000002 entered interlock with Bot_9000001
361481,Bot_9000002 entered interlock with Bot_9000001
363489,Bot_9000002 entered interlock with Bot_9000001
365507,Bot_9000002 entered interlock with Bot_9000001
367518,Bot_9000002 entered interlock with Bot_9000001
369535,Bot_9000002 entered interlock with Bot_9000001
371554,Bot_9000002 entered interlock with Bot_9000001
373565,Bot_9000002 entered interlock with Bot_9000001
375581,Bot_9000002 entered interlock with Bot_9000001
377594,Bot_9000002 entered interlock with Bot_9000001
379607,Bot_9000002 entered interlock with Bot_9000001
381620,Bot_9000002 entered interlock with Bot_9000001
383639,Bot_9000002 entered interlock with Bot_9000001
385650,Bot_9000002 entered interlock with Bot_9000001
387671,Bot_9000002 entered interlock with Bot_9000001
389681,Bot_9000002 entered interlock with Bot_9000001
391692,Bot_9000002 entered interlock with Bot_9000001
393710,Bot_9000002 entered interlock with Bot_9000001
395728,Bot_9000002 entered interlock with Bot_9000001
397739,Bot_9000002 entered interlock with Bot_9000001
399752,Bot_9000002 entered interlock with Bot_9000001
401768,Bot_9000002 entered interlock with Bot_9000001
403782,Bot_9000002 entered interlock with Bot_9000001
405796,Bot_9000002 entered interlock with Bot_9000001
407813,Bot_9000002 entered interlock with Bot_9000001
409823,Bot_9000002 entered interlock with Bot_9000001
411833,Bot_9000002 entered interlock with Bot_9000001
413852,Bot_9000002 entered interlock with Bot_9000001
415861,Bot_9000002 entered interlock with Bot_9000001
417870,Bot_9000002 entered interlock with Bot_9000001
419880,Bot_9000002 entered interlock with Bot_9000001
421893,Bot_9000002 entered interlock with Bot_9000001
423906,Bot_9000002 entered interlock with Bot_9000001
425915,Bot_9000002 entered interlock with Bot_9000001
427932,Bot_9000002 entered interlock with Bot_9000001
429948,Bot_9000002 entered interlock with Bot_9000001
431960,Bot_9000002 entered interlock with Bot_9000001
433976,Bot_9000002 entered interlock with Bot_9000001
435991,Bot_9000002 entered interlock with Bot_9000001
437997,Bot_9000002 entered interlock with Bot_9000001
440009,Bot_9000002 entered interlock with Bot_9000001
442025,Bot_9000002 entered interlock with Bot_9000001
444039,Bot_9000002 entered interlock with Bot_9000001
446054,Bot_9000002 entered interlock with Bot_9000001
448064,Bot_9000002 entered interlock with Bot_9000001
450074,Bot_9000002 entered interlock with Bot_9000001
128275,Bot_9000002 entered interlock with Bot_9000001
132276,Bot_9000002 hit Bot_9000001 with kick for 71
136276,Bot_9000002 hit Bot_9000001 with hyperstrike for 185
140279,Bot_9000002 hit Bot_9000001 with hyperkick for 102
144282,Bot_9000002 hit Bot_9000001 with hyperkick for 129
148285,Bot_9000002 hit Bot_9000001 with hyperstrike for 82
152288,Bot_9000002 hit Bot_9000001 with kick for 27
164293,Bot_9000002 hit Bot_9000001 with hyperkick for 203
180300,Bot_9000002 hit Bot_9000001 with hyperkick for 45
196307,Bot_9000002 hit Bot_9000001 with hyperkick for 99
208314,Bot_9000002 hit Bot_9000001 with hyperstrike for 122
216315,Bot_9000002 hit Bot_9000001 with hyperstrike for 86
220317,Bot_9000002 hit Bot_9000001 with hyperkick for 151
228319,Bot_9000002 hit Bot_9000001 with hyperkick for 138
236324,Bot_9000002 hit Bot_9000001 with kick for 33
240325,Bot_9000002 hit Bot_9000001 with hyperstrike for 98
244329,Bot_9000002 hit Bot_9000001 with kick for 39
252333,Bot_9000002 hit Bot_9000001 with kick for 82
256335,Bot_9000002 hit Bot_9000001 with hyperkick for 141
264338,Bot_9000002 hit Bot_9000001 with hyperstrike for 115
288345,Bot_9000002 hit Bot_9000001 with hyperkick for 124
292347,Bot_9000002 hit Bot_9000001 with kick for 47
296351,Bot_9000002 hit Bot_9000001 with hyperkick for 92
304353,Bot_9000002 hit Bot_9000001 with hyperstrike for 37
316359,Bot_9000002 hit Bot_9000001 with hyperkick for 61
324361,Bot_9000002 hit Bot_9000001 with kick for 69
328364,Bot_9000002 hit Bot_9000001 with kick for 47
344373,Bot_9000002 hit Bot_9000001 with kick for 63
348376,Bot_9000001 hit Bot_9000002 with kick for 55
352376,Bot_9000002 hit Bot_9000001 with punch for 34
352376,Bot_9000001 hit Bot_9000002 with kick for 28
356378,Bot_9000002 hit Bot_9000001 with punch for 49
356378,Bot_9000001 hit Bot_9000002 with hyperkick for 125
360382,Bot_9000001 hit Bot_9000002 with hyperstrike for 133
364384,Bot_9000002 hit Bot_9000001 with punch for 63
368387,Bot_9000001 hit Bot_9000002 with kick for 36
372390,Bot_9000001 hit Bot_9000002 with hyperkick for 209
376392,Bot_9000001 hit Bot_9000002 with hyperstrike for 113
380395,Bot_9000001 hit Bot_9000002 with kick for 68
384398,Bot_9000002 hit Bot_9000001 with punch for 33
388398,Bot_9000002 hit Bot_9000001 with kick for 44
392402,Bot_9000002 hit Bot_9000001 with kick for 9
404408,Bot_9000002 hit Bot_9000001 with kick for 6
408412,Bot_9000001 hit Bot_9000002 with kick for 4
